uid,region,severity,density
aabm,midwest,1,585.0
aafp,south,1,1594.0
aagm,south,1,3873.0
aaia,south,1,16943.0
aaql,midwest,3,289800.0
aaxe,west,4,6450000.0
aboc,midwest,1,358.24125333333336
acix,west,4,6916571.0
aclb,south,1,10000.0
acld,south,2,48797.0
actm,south,2,53924.999237060496
acyg,south,1,854.0
acyl,south,1,7932.0
adjx,west,4,2702500.0
adwg,midwest,1,3335.0
adxk,midwest,2,36556.0
aelv,south,2,41955.0
afcm,northeast,4,5688667.0
afeh,south,1,19087.0
afek,northeast,1,8393.428023383267
affc,south,2,29157.0
afwi,west,4,4265780.0
agbl,south,2,32082.0
aggy,midwest,3,121344.0
agpk,south,1,484.0
agrt,south,1,3256.0
agsx,south,1,8751.0
ahcm,northeast,2,96555.0
ahfv,south,1,11250.0
ahgu,northeast,2,56862.0
ahhw,west,4,5757257.0
ahpj,south,2,58091.0
ahpn,west,4,5174343.5
ahuv,midwest,1,1104.0
ahvi,south,1,581.0
aiap,south,2,29225.0
aiby,midwest,3,688974.0
aiiw,south,2,53799.999237060496
aipy,west,4,5017500.0
aivu,midwest,3,287280.0
ajfd,south,1,218.0
ajlw,south,1,726.0
ajsm,south,1,2490.0
akgu,south,1,376.0
aksu,west,4,3682866.5
akwt,midwest,3,754742.0
aldv,south,2,83924.0
aliv,midwest,3,693315.0
alqd,south,1,13500.0
altb,south,2,88952.0
alwg,west,4,4383014.0
amap,south,2,40664.0
anfv,south,4,1404354.0
anlm,south,1,6703.0
anrk,south,1,145.0
antr,south,1,290.0
anuh,south,2,40083.0
anvp,west,4,4885000.0
aohi,south,2,21087.0
aojs,south,3,724203.0
aoko,south,1,581.0
aoth,south,1,1138.0
aoxm,northeast,1,1474.2
aozr,south,3,124449.996948242
apcu,west,4,5745000.0
apec,west,4,5529302.0
apej,south,1,11618.0
apiz,south,1,145.0
apnm,south,1,376.0
apsf,midwest,3,269325.0
apsz,west,4,5982500.0
apux,west,4,1522330.0
apuy,south,3,135788.0
apzy,south,1,1130.0
aqae,south,1,290.0
aqdr,northeast,4,1666667.0
aqmm,south,3,330538.0
aqpf,south,1,1162.0
aqqb,west,4,3875000.0
aqut,northeast,3,463449.4791666666
armb,south,1,1598.0
arqn,south,1,2488.0
arwv,west,3,852968.0
aseg,south,1,193.0
aseq,west,4,1504268.0
asgu,west,4,5970000.0
asoc,west,4,6255000.0
aspl,south,1,14523.0
atia,west,4,1185131.0
atog,south,3,132860.0
atqn,south,1,1987.0
atsh,west,4,1136283.5
aufv,south,2,20200.0
aumk,south,1,132.0
auvo,west,4,6880000.0
avbb,west,3,895302.5
avhu,south,1,18153.0
avil,south,3,515558.0
avxm,midwest,3,177030.0
awcd,west,4,6897500.0
awfl,west,4,2416088.0
awoh,south,2,86683.0
awqw,south,1,7261.0
axbl,south,1,3994.0
axeb,south,1,4115.0
axgi,midwest,3,508684.0
axkq,northeast,1,19689.797794117647
axni,west,4,7010000.0
axtg,west,3,247259.0
ayfj,west,4,3741483.5
ayrx,northeast,1,6949.8
ayze,northeast,1,17133.0
azcy,south,2,77638.0
aznr,west,4,5040000.0
azoa,west,4,3253008.5
azsd,west,4,1217696.0
azwk,south,1,14523.0
azxt,south,2,77455.0
babh,south,2,81332.0
bbbc,south,1,17093.0
bbms,midwest,3,112770.0
bbur,midwest,2,41360.0
bbvf,south,1,2376.0
bbvs,west,4,5445000.0
bcds,south,3,629147.0
bcng,south,3,383000.0
bcsi,midwest,3,340307.0
bdbx,west,4,6347500.0
bdjp,south,1,7261.0
bdzr,south,3,147406.0
begh,south,1,3268.0
begp,south,1,110.0
beiw,northeast,1,15634.666666666668
beko,south,3,415715.0
berb,south,3,308367.0
bexa,south,1,3227.0
bfag,south,4,1053300.0
bfbd,south,1,1245.0
bfbn,midwest,2,80552.0
bfjb,south,3,165356.0
bfwg,west,4,5985212.0
bgil,south,2,75133.0
bgnf,midwest,4,2966895.0
bgwq,west,4,2331419.0
bhdp,south,1,2324.0
bijv,south,1,1056.0
bios,west,3,722708.0
birw,west,4,6415000.0
bitp,midwest,4,2819250.0
bivi,west,4,2461679.0
bivj,south,3,145712.0
bjfv,west,4,6222500.0
bjjg,south,2,77939.0
bkik,south,1,12707.0
bkkp,south,2,97750.0
bleb,south,1,2033.0
bles,west,4,2422601.0
blkf,west,4,6170000.0
bmbi,south,2,81328.0
bmcv,south,2,23817.0
bmdy,south,1,6043.0
bmgu,south,1,10892.0
bmsm,south,1,3559.99994277954
bmup,south,2,33257.0
bmxo,south,1,1012.0
bndt,west,4,6425000.0
bnfz,south,1,10393.0
bniw,south,1,2490.0
bnof,south,4,1050900.0
boch,northeast,2,35827.61557177616
boje,midwest,2,90143.0
bolj,south,1,2324.0
bopm,west,4,1657323.5
bovq,northeast,2,90533.0
bpco,midwest,3,130095.0
bpdo,south,2,59400.0015258789
bphe,midwest,3,581501.0
bpqq,south,4,1007320.0
bpvi,south,1,6834.0
bqbr,west,4,1390290.5
bqgd,west,4,5552500.0
bqif,west,4,1321904.0
bqrl,west,4,1175361.5
bqsw,south,2,43000.0
bqtz,south,1,1263.0
bqxd,south,3,202350.0
brav,south,1,968.0
brek,west,4,6387500.0
brfi,south,2,26556.0
bscq,south,1,3131.0
bsgf,west,4,3917500.0
bsin,northeast,1,8741.986301369863
bsju,south,3,741824.0
btkb,south,2,27376.0
btkd,south,2,67567.0
btuw,south,2,33039.0
btwo,west,4,2533322.0
buap,west,4,4932500.0
bugj,south,1,1936.0
buja,west,4,1719197.0
buvf,south,2,87137.0
buxf,west,4,3510272.0
bvcr,south,1,13167.0
bvpu,south,1,1017.0
bvtq,south,2,32365.0
bvva,south,3,103065.0
bvzi,south,2,69373.0
bwan,south,2,39212.0
bwet,northeast,2,94000.0
bwnd,west,4,5982500.0
bwqa,south,1,2350.0
bwqu,northeast,2,26136.69291338583
bwyb,midwest,3,449202.0
bxcc,west,4,3422346.5
bxeq,west,4,1992743.0
bxex,south,2,27131.0
bxfk,west,3,940893.5
bxzb,south,1,7945.0
byfj,south,1,2941.0
bygc,south,4,1422506.0
byrf,south,3,186155.0
bzat,west,4,5205000.0
bzjh,northeast,1,9599.85714285714
bznh,south,1,4538.0
bzsr,west,4,4885000.0
bzwb,west,4,5120000.0
bzyh,south,1,5809.0
cabt,south,3,212356.0
cazk,south,4,1251864.0
cbah,south,3,347674.0
cbky,south,3,126006.0
cbme,west,4,6640000.0
cbzd,south,1,7407.0
ccbs,south,3,126216.0
cccl,south,3,387033.0
ccfk,south,1,5809.0
ccjz,south,1,683.0
ccon,midwest,3,592401.0
cdfp,south,2,52100.0003814698
cdlh,south,1,1660.0
cdrl,south,2,24035.0
ceco,west,4,2038334.0
cedw,south,2,39079.0
ceyg,northeast,1,6107.400000000001
cfql,west,4,5708409.5
cfyw,south,1,4599.0
cgcf,south,1,3268.0
cgfz,south,1,4357.0
cgry,south,2,62557.0
chch,west,4,1533576.5
chdh,south,2,29716.0
chep,midwest,3,317520.0
chtc,west,4,8217500.0
chtr,south,1,3994.0
cibj,south,2,49194.0
cift,south,2,46852.0
cilq,south,1,1452.0
ciqn,south,2,46473.0
cisn,south,1,1742.0
cito,midwest,3,305235.0
cjes,south,4,1259126.0
cjkn,midwest,3,384930.0
cjpd,south,1,1936.0
cjzt,south,2,37055.0
ckja,south,1,3631.0
ckjg,south,1,2000.0
ckkn,south,3,129724.0
clhl,south,1,5126.0
clmm,south,3,664410.0
clre,west,4,1445651.0
clsf,south,1,1281.0
clyp,midwest,3,548117.0
cmfn,south,1,16629.0
cmky,south,3,364703.0
cmqv,south,1,2888.86815920398
cmsu,south,2,35159.9994659424
cmvl,midwest,3,163186.0
cmxn,west,4,6535000.0
cmyk,south,3,221617.0
cngy,west,4,5250000.0
cnlk,south,1,12344.0
cnuz,south,1,7745.0
cnvn,midwest,3,145383.0
comt,south,1,9088.0
conk,west,4,3943386.5
cooq,south,2,61722.0
coqt,west,4,5252500.0
coqu,south,2,56988.0
cosw,west,4,2849202.5
cpos,west,4,5135000.0
cpsz,west,4,5382500.0
cpzk,south,1,10202.0
cqap,south,1,112.0
cqkr,south,1,13357.0
crcs,west,4,4642500.0
crcz,midwest,2,46060.0
crgq,midwest,1,804.530303030303
crja,west,4,1220952.5
crli,midwest,1,18229.0
croo,west,4,7772500.0
crqd,midwest,2,21891.0
crsc,south,1,17331.0
csti,south,2,33886.0
ctam,midwest,1,12642.0
ctoz,northeast,3,112444.08914728682
ctzo,south,3,192429.0
cudx,south,3,250599.9984741211
cuej,south,1,100.0
cuiv,west,4,1725710.0
cuje,midwest,3,520380.0
cuki,south,3,308463.0
cums,south,2,33886.0
cuqg,south,1,5809.0
cuqo,south,1,6898.0
cuxm,south,1,6283.9
cvbm,south,1,3485.0
cvbp,south,1,52.0
cvdj,south,1,498.0
cvfc,west,4,7287500.0
cvfp,west,4,2326693.3325
cwcb,south,3,104404.0
cwjx,west,4,1051614.5
cwsa,west,4,4552352.0
cxfl,midwest,3,265502.0
cxga,west,4,1852713.5
cxny,south,1,253.0
cxxn,west,4,1683375.5
cyan,south,1,2766.0
cymk,south,1,13877.0
czvo,south,2,45285.0
daej,midwest,2,95445.0
dakr,west,4,2165337.5
dalc,south,1,16655.0
davf,south,3,152489.0
dazf,south,2,31950.0
dbkn,midwest,1,3509.0
dbob,south,1,2178.0
dbsl,midwest,2,61740.0
dbuw,west,4,1243748.0
dcas,west,4,2074155.5
dcdm,south,1,4974.0
dcyz,south,2,20036.0
ddac,west,4,4860000.0
ddbr,midwest,3,751886.0
ddkm,northeast,3,222814.8
ddqo,northeast,2,66400.0
ddrc,west,4,4762500.0
deaj,south,4,1331739.0
decr,south,1,18268.0
degc,midwest,3,150178.0
degz,west,4,6290000.0
dehw,south,2,30149.9996185303
deni,northeast,1,1267.0
dety,west,4,6020000.0
dewo,south,1,1584.0
dfdh,south,2,41390.0
dfia,midwest,1,19013.0
dfso,south,1,3268.0
dfwq,midwest,3,180734.0
dghm,south,2,46000.0
dhol,northeast,1,17036.277445109783
dhpg,northeast,1,398.50746506986
dhrw,south,1,703.0
dhth,west,4,2175107.0
dhuk,west,4,1859226.5
dhvy,northeast,1,398.832488888889
didr,south,2,58091.0
digl,midwest,4,1110690.0
diuw,south,2,37723.0
djfw,south,1,3485.0
djga,south,3,438297.0
djlr,west,4,7677500.0
djnl,midwest,3,425250.0
djno,west,4,1781070.5
dkdo,northeast,3,119333.0
dkdt,south,1,726.0
dkje,midwest,2,51784.0
dknf,south,1,73.0
dknp,south,1,7261.0
dkwz,midwest,2,63624.0
dkxl,south,1,4383.0
dljn,south,1,1210.0
dlkr,northeast,1,1600.0023417010118
dlrb,south,3,567115.0
dltt,south,3,128164.0
dmry,south,1,2905.0
dmsd,south,1,1183.0
dmsx,west,4,5022500.0
dnbe,west,4,6455000.0
dnjr,south,1,12863.0
dnsz,midwest,3,195753.0
doae,south,1,9129.0
dokh,south,2,27197.0
dolo,south,1,316.0
dopw,south,2,54625.0
dowh,south,3,656000.0
doxa,south,2,50830.0
dpkl,northeast,2,76650.0
dpot,midwest,2,42699.0
dptd,south,1,109.0
dqcg,south,1,5426.0
dqci,south,2,36791.0
dqfp,midwest,2,46305.0
dqon,south,1,2178.0
dqrz,south,2,69806.0
dqwa,midwest,2,55125.0
drca,northeast,1,15163.2
drlg,west,4,6365000.0
drun,south,4,1439934.0
dryy,midwest,3,675601.0
dsbv,west,4,5757500.0
dsre,west,4,2836176.5
dtow,northeast,2,33064.2
dtqn,south,2,40664.0
dtst,south,2,95269.0
dttn,northeast,1,1053.0
dtum,south,2,78423.0
dtvo,west,1,8350.0
duqv,south,3,524272.0
duse,south,1,8786.0
dvjz,south,3,476000.0
dvom,south,3,550413.0
dwkb,south,2,62611.0
dwkc,midwest,3,503298.0
dwox,south,2,35726.0
dwqg,west,4,6157500.0
dwyf,west,4,6079650.5
dxbz,west,4,6355000.0
dxee,south,2,25827.0
dxhz,west,4,3363729.5
dxkl,south,1,4829.0
dxqv,south,2,20017.0
dxvm,south,2,43568.0
dxxk,west,4,1973204.0
dybu,south,3,772612.0
dygr,west,3,804120.5
dynm,west,1,175.0
dysr,south,1,8043.0
dyug,west,4,5737500.0
dzhr,west,4,1139540.0
dzkj,south,1,12410.0
dznd,south,1,165.0
eacl,south,1,3625.0
eadu,west,4,1598706.5
eaev,south,3,425154.0
eath,south,1,6390.0
ebot,south,1,1834.0
ebwl,south,1,2614.0
echc,west,4,2751507.5
eche,south,2,47441.0
echj,west,3,937637.0
ecmk,south,1,10600.0003814697
ecpz,south,4,1539415.0
eczm,south,1,1118.0
edbb,northeast,2,22534.2
edil,west,4,5265000.0
edir,south,1,528.0
edjb,northeast,1,15163.2
edms,south,3,216874.0
edwe,south,2,25818.0
eeet,south,1,2000.0
eeyx,south,3,447042.0
efkc,south,1,938.000023365021
eflm,south,2,54412.0
efqy,south,3,145228.0
efsr,south,1,1597.0
efxp,south,1,15249.0
egat,south,1,2500.0
egdc,west,4,3021797.0
eggo,south,1,4720.0
egiy,south,2,46473.0
ehbt,midwest,1,19248.0
ehhp,south,4,2892627.0
ehln,south,3,112310.0
ehud,south,1,14523.0
eiaj,south,3,104746.0
eiqo,northeast,1,543.5144637294172
ejli,midwest,3,185624.0
ejmw,south,1,3873.0
ejwq,midwest,3,286335.0
ekaf,west,4,8002500.0
elco,south,1,6559.99994277954
elin,south,1,7261.0
emdf,south,1,1452.0
enaw,south,3,224443.0
enlf,south,2,25044.0
enqo,south,1,14473.0
ensu,west,4,1172105.0
enyn,south,1,1250.0
eobs,south,1,1743.0
eokv,south,2,63800.0
eool,west,4,4662500.0
eoqh,northeast,2,86467.0
eorz,south,1,7261.0
eotj,midwest,2,22680.0
epaz,west,4,2878511.0
epjc,south,1,6151.0
epuh,south,1,1911.0
eqaw,south,1,19763.0
eqcs,south,1,19364.0
eqzz,south,1,16757.0
erbp,south,1,15612.0
ergz,south,1,501.0
erot,south,2,29409.0
erpt,west,3,768923.5
errq,south,2,25044.0
eruk,west,4,8510000.0
esdy,west,4,3604710.5
eswq,south,1,19006.0
etbo,south,2,27956.0
etfz,south,2,71400.0015258789
etxl,south,1,1234.0
eujz,south,2,30945.0
eumu,midwest,2,58590.0
eutt,west,4,5930000.0
evbn,south,3,512654.0
evem,northeast,1,6949.8
evlo,south,3,179356.0
ewad,midwest,3,547239.0
ewbm,west,4,3331164.5
ewbv,south,1,7907.0
ewft,midwest,3,543604.0
ewly,south,1,14792.0
ewme,south,1,1452.0
ewue,midwest,5,30555000.0
ewug,west,3,657578.0
ewwk,south,3,453655.0
ewzz,south,2,76680.0
exaq,west,4,1110231.5
exim,south,1,1002.0
exkr,south,2,87136.0
eyim,south,1,19502.0
eymt,west,4,6242500.0
ezcu,south,3,135243.0
ezff,south,3,120598.0
ezfk,midwest,3,107377.0
ezkz,south,3,443913.0
ezpu,south,3,273835.0
ezsp,midwest,3,220815.0
eztw,south,1,4167.0
ezzk,south,2,33886.0
faqo,south,2,20286.0
fawc,south,1,2614.0
fbdk,west,4,2227211.0
fbep,west,4,3536324.0
fbha,west,4,1527063.5
fbiw,south,1,8870.0
fbrw,northeast,1,1045.0
fbwi,west,4,7335000.0
fcah,midwest,1,4240.0
fcbr,midwest,3,523661.0
fcsg,west,4,4980000.0
fcsm,south,1,6535.0
fcxl,south,2,25462.0
fcyr,south,2,25217.0
fdbk,south,1,1452.0
fdgx,south,1,750.0
fdvq,south,1,7503.0
fdvr,west,4,8872500.0
fean,west,4,5190000.0
fefl,south,1,5809.0
feju,south,1,4149.0
feuc,midwest,1,1575.0
ffbn,south,1,3000.0
ffps,south,1,290.0
fgei,south,1,548.0
fgpo,northeast,1,6333.0
fgvz,south,1,13216.0
fhhq,south,1,1154.0
fhmo,south,3,143776.0
fhwr,northeast,1,1474.2
fiem,south,1,1076.0
fiiy,south,2,35522.0
filt,midwest,4,1650600.0
fitc,south,3,373443.0
fiwx,west,4,5724692.0
fizp,midwest,3,101804.0
fjbi,northeast,3,227226.04938271607
fjbs,west,2,29600.0
fjcf,midwest,1,10528.0
fjcg,south,2,67773.0
fjgi,south,2,35726.0
fjnf,northeast,2,26000.0
fjoq,south,1,3970.0
fjpq,south,1,14050.0
fjvq,south,1,2324.0
fjxs,midwest,3,290900.0
fkbi,south,2,31311.0
fkdh,midwest,3,310380.0
fkfv,south,1,508.0
fkgo,south,1,9512.0
fkir,west,4,7115000.0
fkiu,west,4,5292500.0
fkmo,west,3,778068.5
fkoj,west,4,1012536.5
fkzw,south,2,27471.0
fleu,midwest,5,35810200.0
flex,south,1,3527.0
fliw,south,1,1384.0
flqp,south,1,5604.0
flxo,south,3,206092.0
fmnm,midwest,3,124584.0
fmou,midwest,3,350280.0
fmvf,south,2,53511.0
fncu,south,3,710510.0
fniq,south,1,3631.0
fnjl,south,3,175846.0
fnly,west,1,2700.0
fnye,south,4,1264934.0
fobj,south,1,726.0
fpae,west,4,7430000.0
fpcw,south,2,78300.0030517578
fpju,south,2,69383.0
fppv,south,2,38122.0
fpqo,west,4,7815000.0
fqfw,south,1,4647.0
fqnf,south,3,596402.0
fqqf,west,4,5340425.0
frdt,west,4,5418581.0
frfm,west,4,3825000.0
frha,south,1,2905.0
frur,south,3,150311.0
frvj,south,1,15649.9996185303
frwp,south,2,66805.0
frxr,northeast,2,21933.0
fsai,west,1,6260.0
fsbb,midwest,2,28663.0
fscr,south,1,3131.0
fsej,south,1,4502.0
fsus,northeast,2,77711.4
fthg,south,2,87681.0
ftlj,midwest,3,475650.0
ftss,south,3,302620.0
ftzb,south,1,626.0
fubc,south,3,154000.0
fuef,south,1,501.0
fuho,south,1,1936.0
fulk,south,2,42116.0
fuqe,south,1,5809.0
fuvs,west,4,5247500.0
fvas,midwest,3,976500.0
fvmo,south,2,69300.0001907349
fvnt,west,4,1323990.0
fvuk,south,1,1694.0
fwnm,south,2,54218.0
fwow,south,1,871.0
fwzt,west,4,2699403.5
fxax,south,1,3776.0
fxjd,south,1,14523.0
fxjj,northeast,1,1053.0
fxjv,midwest,2,38277.0
fxkj,west,4,3800100.5
fxqu,south,1,2905.0
fxvd,northeast,1,18954.0
fxvj,south,3,140249.0
fxwp,northeast,1,13478.4
fymd,south,1,6455.0
fyml,west,4,1188387.5
fzby,west,4,4680000.0
fzeg,south,1,2500.0
fzjh,west,4,4242500.0
fzlp,south,1,10166.0
fzsn,west,4,2917589.0
gabr,west,4,1360982.0
gatt,south,3,493583.0
gauf,midwest,4,2001570.0
gawz,south,1,73.0
gbgt,south,1,3961.0
gbio,south,1,415.0
gbmw,south,2,66588.0
gbse,south,1,2641.0
gbuf,west,4,3259521.5
gbxt,south,3,867736.0
gchp,midwest,3,236250.0
gcib,midwest,4,1004892.0
gcjg,midwest,3,359403.0
gcjt,south,2,56639.0
gcqh,south,2,31466.0
gcrr,west,3,279824.0
gdcb,west,4,4223445.5
gddf,south,1,15640.0
gdgo,south,1,19364.0
gdno,south,1,7443.0
gdvk,south,3,218568.0
gdvn,south,2,23600.0
gdvy,midwest,3,339082.0
geaa,south,1,382.0
geiu,west,4,5615000.0
geke,south,1,1510.0
gemm,south,1,1500.0
gewn,midwest,3,115831.0
gfil,west,4,3940130.0
gfkf,south,2,20388.0
gfrm,south,2,29046.0
gfvb,west,3,927867.5
gfxi,south,1,2113.0
gfyb,west,4,4592500.0
gfyp,south,3,323000.0
gfze,south,1,2940.00005722046
ggsn,south,3,716699.0
ggtm,south,2,20108.0
ggul,west,4,4667500.0
gheg,south,1,15027.0
ghks,midwest,4,1618899.0
ghsg,south,1,10000.0
ghwo,south,1,2905.0
giao,northeast,2,70129.8
gieb,west,3,540344.0
gikw,south,2,26556.0
gilq,midwest,4,1241415.0
gion,midwest,3,254214.0
gixu,south,2,28288.0
gjfu,west,4,6170000.0
gjoa,west,4,1937382.5
gjwt,west,4,3012027.5
gjyv,west,4,1882022.0
gjyz,south,3,120589.0
gjzq,west,4,6662500.0
gkeq,west,4,6797500.0
gkoc,northeast,1,4024.307692307692
gksi,south,1,581.0
gkxx,south,1,8714.0
glmu,south,2,20890.0
glpv,west,4,3959669.0
glqn,midwest,3,155681.0
gmgh,south,3,525241.0
gmjz,south,1,3339.0
gmmx,west,4,7650000.0
gmyo,south,2,23236.0
gmzk,west,4,5715000.0
gnge,northeast,3,265356.0
gnjz,south,2,35313.0
gnvh,west,4,1465670.0
goiu,west,4,7722500.0
gost,south,3,323786.0
gozc,west,4,3627506.0
gpco,south,3,253478.0
gpek,south,2,78138.0
gpfx,south,3,122250.0
gphb,south,1,3440.00005722046
gqca,south,2,26707.0
gqgd,south,1,10166.0
gqrt,south,2,39393.0
gqvu,south,1,2641.0
graq,south,2,25465.0
grkl,midwest,1,192.3159520639146
grrx,south,3,131929.0
grte,west,4,1211183.0
grvr,northeast,2,23166.0
gryd,northeast,1,933.0
grye,south,3,172821.0
gryp,south,3,105774.0
gsas,south,3,274845.0
gshd,south,1,11960.0
gsmz,south,3,182987.0
gswd,west,4,6080000.0
gtch,south,1,5700.0
gttm,south,1,3157.0
gtur,midwest,1,11655.0
gtvc,west,4,1159079.0
gtxu,south,3,294086.0
gube,south,2,28465.0
gulk,south,1,8625.0
guol,south,3,116699.9984741211
guoo,south,1,1271.0
guqm,midwest,3,166165.0
guth,south,2,29046.0
gutv,south,1,4066.0
guul,northeast,1,4449.765010799137
gvbq,midwest,2,66825.0
gvlz,south,3,116182.0
gvpz,west,4,2015538.5
gvwd,west,4,5850000.0
gwkw,south,1,436.0
gwmk,midwest,2,39347.0
gwyu,south,1,1500.0
gxcg,south,2,94801.0
gxdf,west,4,7372500.0
gxgb,south,1,751.0
gxgs,northeast,1,2214.3886255924167
gxym,south,1,4647.0
gycs,west,4,4747742.0
gygq,south,2,33900.0
gygt,south,1,4647.0
gynj,south,1,1909.0
gzlg,south,1,1815.0
gznc,midwest,3,381780.0
gzsr,south,1,5125.0
gztn,northeast,3,110547.8515625
gzyg,south,1,968.0
gzzp,midwest,4,1304100.0
haof,south,2,23186.0
haqo,midwest,3,771750.0
hawl,south,1,5486.0
hbea,south,1,17981.0
hbmc,west,4,5304603.5
hbof,west,3,800864.0
hbyf,midwest,3,305938.0
hccu,south,1,15975.0
hcdk,south,1,121.0
hcie,west,4,6187500.0
hcjp,south,3,341576.0
hcuj,south,3,654397.0
hcvr,midwest,3,497207.0
hdjp,south,1,9958.0
hdpe,west,4,7037500.0
hdwb,south,1,1307.0
hdxk,south,1,6578.0
hefu,west,4,7607500.0
hefx,south,3,220262.0
heil,midwest,2,73080.0
hets,west,4,2070899.0
hfcc,south,3,206800.003051758
hfkg,south,1,5301.0
hfme,midwest,3,612542.0
hfov,midwest,1,828.0
hfqt,south,2,93022.0
hfqw,south,3,194800.0011444093
hfus,south,3,265609.0
hggg,south,1,4938.0
hgil,south,1,3319.0
hgng,midwest,3,409623.0
hgrx,south,3,163473.0
hgsk,northeast,2,72919.83695652174
hhhp,west,4,3249752.0
hhma,west,4,3477707.0
hhqw,west,4,8542500.0
hhyg,south,2,76971.0
hipi,south,2,86047.0
hiwg,south,3,544605.0
hjft,northeast,2,70800.0
hjio,south,2,20414.0
hjmz,northeast,2,41067.0
hjnx,midwest,2,20475.0
hjoz,south,1,15154.0
hjud,south,1,2630.0
hkff,northeast,1,0.0
hkhg,midwest,2,70875.0
hkjj,south,1,1936.0
hknm,south,1,1017.0
hkoj,northeast,1,16000.0
hkok,south,1,3550.0
hkoo,northeast,1,17690.4
hktu,south,2,57676.0
hleo,northeast,3,132397.2
hlgx,south,2,43375.0
hlng,northeast,1,1267.0
hlsk,west,4,1435881.5
hltf,south,1,2087.0
hltx,south,3,197510.0
hmdu,midwest,2,76397.0
hmnn,midwest,2,45675.0
hmqr,south,2,35944.0
hmyh,west,4,8637500.0
hniv,west,4,1282826.0
hnju,south,1,2759.0
hnlk,west,4,1507524.5
hnnn,west,4,2126259.5
hnxe,west,3,931124.0
hobv,south,1,312.999993562698
hodn,south,1,10166.0
hoqy,south,1,399.0
horl,west,4,1325160.5
howt,south,3,154668.0
hpzr,northeast,1,10951.2
hqzk,south,1,726.0
hres,south,1,3873.0
hrll,south,1,1271.0
hrqx,south,3,513380.0
hruk,west,4,5799591.5
hsqc,south,1,145.0
hsrp,west,4,8432500.0
hssy,west,4,5682500.0
hswr,south,2,39534.0
htgs,midwest,3,281610.0
htvi,south,4,1415008.0
htxi,south,1,3351.0
htzk,midwest,3,330366.0
huch,south,1,459.0
hufj,south,1,15640.0
huiz,south,2,37759.0
huja,south,3,176694.0
huvi,northeast,3,730031.7391304348
huwe,west,3,494753.0
hvci,south,2,50089.0
hvea,south,1,1660.0
hvei,south,2,29046.0
hvjh,south,1,16500.0
hvtd,west,4,5287500.0
hwck,midwest,3,171360.0
hwqs,south,1,2287.0
hwug,west,4,6295000.0
hwwv,south,3,593180.0
hwxa,midwest,3,134171.0
hwyy,south,1,10921.0
hxkv,south,1,678.0
hxum,south,1,5083.0
hxus,south,1,2541.0
hxxe,south,1,15975.0
hxzi,west,3,758529.5
hydz,west,4,7820000.0
hyfs,midwest,3,595720.0
hyhz,northeast,2,36869.25
hynm,south,1,1452.0
hyrz,south,3,603276.0
hzci,south,2,60149.0
hzck,south,2,38016.0
hzdi,south,2,81400.00057220456
hzlb,midwest,3,286861.0
hzlq,south,1,5126.0
hzns,west,4,4015029.5
hzqy,south,1,14523.0
hzso,south,2,57910.0
hztd,west,4,7510000.0
hzun,south,2,89315.0
hzvy,south,1,145.0
iapo,south,3,175970.0012207031
iauo,south,1,1252.0
ibax,south,1,6887.0
ibfa,south,3,315435.0
ibus,west,4,6065000.0
icag,south,3,105145.0
icbd,south,1,4841.0
icgp,south,2,35709.0
ickw,south,1,1320.0
icok,south,1,19448.0
iczg,south,1,871.0
iczr,south,3,472474.0
idbo,midwest,3,282870.0
iddp,west,4,2871998.0
idqb,south,3,233817.0
idtj,south,3,161203.0
idum,midwest,3,353060.0
idvn,south,3,130463.0
idwu,south,2,29772.0
idwy,south,1,2106.0
ieaz,midwest,3,835239.0
iebe,west,2,42041.2
iefg,south,1,1117.0
iegi,south,2,59100.0
iemh,south,1,17427.0
iepg,south,1,11618.0
ieqe,south,1,16390.0
ieth,south,1,2234.0
ifbf,west,4,2787329.0
ifqv,west,4,1058127.5
ifvh,south,1,7189.0
igcz,west,4,6517500.0
igfb,west,4,1784327.0
igie,west,4,5950000.0
igio,west,4,5297500.0
igrg,south,1,3000.0
ihhz,south,2,56639.0
ihjq,south,3,307012.0
ihnh,south,1,9392.0
ihur,south,1,3389.0
ihxs,west,4,4997500.0
iigd,south,1,2178.0
iijv,south,1,626.0
iips,west,4,4444887.5
iisb,midwest,3,359100.0
ijdu,west,4,6626742.5
ijfa,northeast,1,0.0
ijhm,south,1,2905.0
ijku,south,3,394630.0
ijnp,south,2,45219.0
ijtc,west,4,3884769.5
ijxi,west,4,5365000.0
ijzx,west,4,6477500.0
ikhd,west,4,2070899.0
ikqh,south,3,158298.0
iksz,south,1,2178.0
ikzu,south,1,519.0
ildd,south,1,7263.0
ilky,south,3,121346.0
ilnk,northeast,1,14320.8
ilnr,midwest,1,352.583001328021
ilth,south,1,625.0
ilwv,midwest,3,214472.0
imbq,northeast,2,26119.06474820144
imlf,midwest,1,948.0
imww,south,2,71162.0
inla,south,3,593014.0
inmj,midwest,2,24511.0
inoi,south,2,96800.0030517578
inyq,south,1,17427.0
inze,south,1,17600.00038146972
inzi,south,1,5635.0
ioao,west,4,5920082.0
ioky,south,1,7116.0
iolv,south,3,130900.00009536745
ioma,northeast,2,34538.399999999994
ioto,south,3,275933.0
ioyu,midwest,2,30415.0
iozz,midwest,1,9212.0
ipfk,west,4,6782500.0
iplu,south,2,21300.0
ipqn,west,4,6202500.0
ipri,south,1,12344.0
iqbp,west,4,5324142.5
iqlr,west,4,2103464.0
iqnz,south,1,9036.0
iqrp,south,3,141053.0
iqvz,south,3,125199.996948242
iqxu,west,4,7345000.0
irat,west,4,8030000.0
irbm,west,3,821926.6665
irex,west,4,5105000.0
irqa,south,3,145200.0026702883
irso,south,1,6834.0
irvh,west,4,2054616.5
isap,south,1,187.999993562698
iscg,south,2,24689.0
iscw,south,1,2130.00011444092
iseg,south,3,167647.0
isfa,northeast,2,38329.2
ishx,south,2,63537.0
isit,south,1,4066.0
iskw,south,1,6939.0
isru,midwest,3,341145.0
isyn,south,1,3351.0
itfk,south,1,9549.0
itqi,south,3,221473.0
itsq,west,4,5517500.0
itvu,south,2,25970.0
iulz,midwest,3,521752.0
ivcm,south,3,203481.0
iwed,south,3,111825.0
iwhb,south,1,19215.0
iwol,west,4,1435881.5
iwpi,south,3,265400.00152587914
iwsq,south,1,3873.0
iwuo,south,1,5845.0
iwze,south,2,78423.0
ixlt,south,3,276223.0
ixng,south,2,84958.0
ixvi,south,1,7261.0
iydr,south,1,7140.0
iyiq,west,4,2105699.995
iykn,south,1,5362.0
iyrk,midwest,3,134965.0
iysj,west,4,2269545.5
iyuz,south,2,90719.0
iyzv,west,4,4535000.0
izeb,south,2,21124.0
izfv,south,1,6971.0
izsz,midwest,2,74544.0
iztq,south,3,126199.9969482422
izyj,south,3,433506.0
jaar,south,3,480852.0
jafd,south,2,56180.0
jamr,south,3,198318.0
jbep,south,1,3227.0
jbjj,south,1,3870.0
jcig,south,2,28427.0
jcmf,west,4,5832500.0
jcsn,south,1,1634.0
jdev,northeast,3,781050.0000000001
jdjy,west,4,5345000.0
jdkk,midwest,3,623766.0
jdqe,south,1,194.0
jduv,west,4,2044847.0
jecj,south,1,15104.0
jegk,midwest,4,2504050.0
jeke,south,2,28600.0003814697
jekg,south,2,61046.0
jetg,west,4,1491242.0
jeyd,west,2,87690.5
jfjw,south,3,146566.0
jfrs,west,4,6000000.0
jfsc,south,1,6762.0
jfsd,south,2,40105.0
jgik,south,1,4841.0
jhau,south,1,4125.0
jhbf,west,4,5705000.0
jhge,west,4,3477707.0
jiby,south,2,58091.0
jiiw,midwest,2,93437.0
jijc,south,1,799.0
jiub,south,1,8750.0
jjxa,midwest,1,19739.0
jkai,midwest,3,110692.0
jkas,west,4,4174598.0
jkbm,northeast,1,6528.6
jkdf,west,4,5402500.0
jkhn,south,1,13071.0
jlgy,south,1,3417.0
jllb,south,3,673775.0
jlrc,west,3,429623.0
jlzj,south,2,27173.0
jmil,south,2,44149.0
jmkl,south,2,37567.0
jmpu,south,2,20041.0
jmqe,west,4,1480333.0
jmrn,south,3,162600.0
jmsj,south,2,22837.0
jmwl,south,1,2244.0
jmxo,west,4,1663836.5
jnbg,south,3,144319.0
jnbk,south,2,62993.0
jnff,south,1,323.0
jnhq,west,3,638039.0
jnqu,west,4,6362500.0
jnrp,west,4,2201159.0
jnug,south,2,90950.00076293953
jnxe,midwest,3,224016.0
johg,south,2,82083.0
jouw,south,1,2824.0
jpmj,south,1,8515.0
jpsw,south,1,14250.0
jpyd,northeast,1,4633.2
jpyw,midwest,1,16940.0
jpze,west,4,7827500.0
jqai,south,1,7382.0
jqau,west,4,4138776.5
jqdn,south,3,148000.0
jqhd,northeast,2,72635.54421768709
jqii,midwest,3,183645.0
jqrl,south,1,188.0
jqrn,south,2,55180.0
jqsr,south,3,273900.0015258789
jqvz,south,1,1380.0
jqyz,south,1,7988.0
jrer,west,4,5190000.0
jsaf,south,1,1525.0
jsiu,west,4,7915000.0
jsol,northeast,3,302667.0
jspk,south,1,10000.0
jtce,midwest,3,190725.0
jtoq,south,1,3005.0
jtrj,south,1,8391.0
juxy,west,4,5320000.0
juyq,west,4,6282500.0
jvbk,south,2,29518.0
jvei,south,1,2752.0
jvfg,west,4,5515000.0
jvgo,south,3,152900.00057220456
jvho,south,2,83147.0
jvjg,south,3,100207.0
jvos,south,1,944.0
jwbk,west,4,4950000.0
jwcr,south,1,6463.0
jwew,west,4,1838558.25
jwhj,south,3,125992.0
jwkt,west,4,7130000.0
jwvf,south,4,2455900.0
jxgt,south,3,160599.99942779535
jxru,south,1,5040.0
jxth,south,2,30535.0
jxul,northeast,2,92032.2
jxxa,south,2,49135.0
jxyg,midwest,1,1462.0
jydu,south,1,9149.0
jyku,south,1,6777.0
jywz,midwest,1,12269.0
jzcz,south,1,375.0
jzgp,northeast,2,38329.2
jzrg,northeast,3,132678.0
jzsk,south,1,5021.0
jzza,south,1,14938.0
kaoi,midwest,1,13600.0
katv,south,3,101659.0
katx,south,1,254.0
kayo,south,3,133428.0
kbby,west,4,4933362.5
kbiu,west,4,3047849.0
kbkc,west,4,6835158.5
kbnk,midwest,2,52202.0
kbok,south,1,5809.0
kbxx,west,4,1637784.5
kcie,south,2,52443.0
kcxu,south,1,7261.0
kdkb,west,4,2611478.0
kdmj,south,3,218165.0
kdmo,northeast,2,35333.0
kdtl,south,2,39502.0
kebe,south,1,6132.0
kecz,west,4,2536578.5
kegf,south,1,1452.0
keht,south,2,97593.0
keid,south,2,30721.0
keqp,south,1,5121.0
ketd,south,1,2905.0
keuc,midwest,3,432406.0
keuo,west,4,1865739.5
kewf,west,4,7962500.0
kfim,south,3,320746.0
kfio,west,4,5960000.0
kfpw,south,1,528.0
kggt,south,3,581637.0
kgiy,south,3,155515.0
kgue,south,1,1452.0
kgwh,midwest,3,399022.0
kgzo,west,3,979971.5
khas,south,4,6698747.0
khcq,south,1,2697.0
khdn,south,1,14159.0
khzl,west,4,5981955.5
khzr,south,3,396230.0
kiit,south,1,2563.0
kivk,northeast,1,11200.0
kixb,south,1,14813.0
kixf,west,4,5655000.0
kjdf,south,2,25496.0
kjff,south,2,73802.0
kjjg,west,4,5237500.0
kjns,south,1,15125.0
kjqf,south,1,6750.0
kjro,south,1,11203.0
kkeo,south,1,1073.0
kknc,south,2,30691.0
kkwf,west,4,4882500.0
klbq,south,2,97039.0
klrv,south,3,121991.0
kmms,south,1,100.0
kmrj,south,3,114730.0
kncp,south,1,14069.99969482422
knhh,south,1,11295.0
knnf,south,1,2905.0
knqs,northeast,1,8213.4
knyl,midwest,3,221968.0
koar,west,4,6138267.5
kodx,south,2,56639.0
komt,west,4,7315000.0
koqw,south,2,67386.0
kpen,south,3,136950.0
kpkf,south,1,1743.0
kpmp,west,4,7855000.0
kpmy,west,3,869250.5
kqgm,west,3,107229.5
kqtn,west,4,3555863.0
kqwz,south,1,15104.0
kraj,midwest,2,56385.0
krbi,west,4,6142500.0
krid,midwest,1,186.9084800000004
krim,west,4,1787583.5
krpq,south,2,25311.0
krvs,west,4,2083925.0
ksaz,northeast,1,1267.0
kses,west,4,5890000.0
ktii,south,1,3485.0
ktke,west,4,6200141.0
ktor,midwest,2,47554.0
ktty,west,4,4729030.73
kuja,south,2,21300.0
kurk,northeast,2,23376.6
kvfd,south,2,43502.0
kvjn,west,4,9195000.0
kvkw,midwest,3,230898.0
kvoz,south,1,11183.0
kvsm,south,1,2033.0
kwcm,west,4,1800609.5
kwjj,midwest,2,72450.0
kwnb,midwest,3,586131.0
kwtp,west,4,5780000.0
kxts,west,4,1536833.0
kxya,west,4,5777500.0
kxyi,south,1,13869.0
kyeb,west,4,2090438.0
kyqa,south,2,79266.0
kywx,south,2,30700.0007629395
kyxl,west,4,1820148.5
kzbv,south,1,4383.0
kzcl,south,1,622.0
kzuk,south,3,864105.0
kzxi,northeast,2,53067.0
kzzd,south,1,6679.0
lalw,west,4,5975000.0
lazu,south,1,1888.0
lbak,south,3,538795.0
lbcm,south,1,9295.0
lbyv,south,2,52837.0
lcah,south,3,125477.0
lcak,south,1,1198.0
lcaq,midwest,3,893285.0
lcgx,south,1,14995.0
lckb,south,1,10166.0
lcne,south,1,100.0
lcyb,south,1,14523.0
ldlf,south,3,764624.0
lexs,south,2,48409.0
lfgk,south,2,37759.0
lfmn,west,3,774812.0
lfvg,south,1,7988.0
lfzi,midwest,3,383355.0
lgny,west,4,5604201.5
lgql,south,2,41148.0
lgrm,west,4,4740000.0
lgwl,south,1,1452.0
lhbt,south,3,452385.0
lhdg,south,3,185328.0
lhef,midwest,3,566483.0
lhko,south,1,438.0
lhst,south,1,11618.0
lhti,south,1,12131.0
lhxa,northeast,2,97600.0
lieh,south,3,135553.0
lint,south,2,48057.0
lior,south,1,5809.0
lisu,south,2,38122.0
lita,midwest,4,2002552.0
litq,west,4,1689888.5
live,south,2,40250.0
ljkb,northeast,1,0.0
ljlb,midwest,1,1308.0
ljsm,south,3,107100.0
lkao,west,4,4510017.5
lkpy,south,2,26475.0
lkxc,south,1,9682.0
llly,south,2,72614.0
llqa,northeast,2,43267.0
lmap,south,1,16247.0
lmef,south,1,1039.5390070921983
lmhv,south,1,10892.0
lnap,south,2,73340.0
lnau,south,3,269649.993896484
lnnk,south,1,19364.0
lohi,west,4,4399296.5
lojj,south,2,58091.0
lorf,south,1,2905.0
loue,midwest,3,228690.0
lpdl,south,1,2500.0
lpdo,midwest,3,291936.0
lphr,south,1,8974.0
lphx,south,1,14921.0
lpjd,south,1,14523.0
lpok,northeast,1,5686.2
lppb,south,2,66100.0
lqhc,northeast,2,48257.0
lqsq,south,1,1307.0
lqyc,west,2,51869.0
lrch,midwest,2,57593.0
lree,south,1,8714.0
lreq,south,3,152490.0
lrkb,south,3,876554.0
lrpu,south,1,4066.0
lrtc,south,1,3248.0
lrtw,south,1,5126.0
lsbf,west,4,2715686.0
lsme,south,2,23236.0
lsxm,west,4,5217500.0
ltju,west,4,4659816.5
lugm,south,2,30262.0
lvjt,south,1,4357.0
lvpl,midwest,3,225331.0
lvvi,south,2,33664.9
lwbh,south,1,10251.0
lwie,south,1,9258.0
lwkn,west,4,1093949.0
lwku,west,4,4392783.5
lwkx,south,3,116908.0
lwln,west,4,3112979.0
lwoj,south,1,16899.9996185303
lxic,south,1,7922.0
lxjy,northeast,3,118778.4
lxot,midwest,1,1479.0328744939306
lxpx,south,2,43765.0
lxtl,south,1,1452.0
lxvd,south,3,844258.0
lyiz,south,3,220262.0
lyll,south,2,22220.0
lynu,west,4,1771301.0
lzoq,south,3,586721.0
lzou,south,1,17427.0
maix,northeast,2,66760.2
mbfp,south,3,112955.0
mbxp,south,3,154277.0
mcce,south,1,13942.0
mcjd,northeast,5,14640000.0
mcoi,south,1,8299.0
mcol,south,1,8299.0
mcyn,midwest,1,10236.0
mdad,northeast,2,36667.0
mdog,northeast,2,71867.36641221374
mekx,south,3,142323.0
melc,south,1,799.0
mema,south,3,436930.0
mfba,south,1,1815.0
mffr,south,1,7370.0
mfnl,south,1,6082.0
mgao,west,4,5300000.0
mgdi,midwest,3,538650.0
mgfc,south,3,355808.0
mgfg,south,1,290.0
mgja,west,4,5835000.0
mglt,south,1,3086.0
mgvm,midwest,3,122497.0
mgzc,west,4,1634528.0
mhjd,midwest,3,262648.0
miaq,south,3,239304.0
midx,south,4,1582984.0
mimn,south,1,792.0
mjmo,south,2,26540.0
mkor,south,1,2348.0
mkqi,northeast,2,45883.6
mkry,south,1,1565.0
mlgt,south,1,4720.0
mlhn,south,2,87681.0
mlwn,south,3,309000.0
mmjs,south,1,2004.0
mmop,south,2,43568.0
mmpb,west,4,4530000.0
mmyf,south,3,108195.0
mndv,south,2,77000.0
mnht,south,1,12053.0
mniz,northeast,1,4991.536458333333
mnke,west,4,1061384.0
mnom,west,4,5930000.0
mntx,west,4,3904308.5
modd,south,1,726.0
morx,south,1,1831.0
motv,south,1,762.0
mowu,northeast,2,40667.0
mpav,south,3,132000.0
mpcq,west,4,4952500.0
mpcx,midwest,3,280519.0
mphj,west,4,5222500.0
mpwq,south,1,4938.0
mpyl,midwest,5,11347875.0
mqcg,south,3,273219.0
mqcz,south,1,12344.0
mqth,south,1,2421.0
mrbl,west,3,992997.5
mrdi,south,1,2652.0
mrhl,south,1,3745.0
mrie,south,1,2324.0
mrse,south,3,469570.0
mrvm,west,3,898559.0
mser,northeast,2,50474.41666666666
msjg,south,1,535.0
mslb,west,4,4874745.5
mspe,south,2,87621.0
msph,south,2,33209.0
mspi,west,3,250515.5
msqa,west,4,1416342.5
mssz,south,1,1709.0
msuk,northeast,1,8844.288728769945
mtdc,west,4,5205000.0
mtey,south,3,331120.0
mtms,midwest,2,36301.0
mucd,south,2,90003.0
muvg,south,1,4357.0
mvfr,south,1,1448.0
mvft,midwest,1,8719.0
mvks,south,1,18880.0
mvli,south,1,16375.0
mvqj,south,1,7774.0
mwiu,midwest,3,684928.0
mwna,south,1,5000.0
mwoq,south,3,149875.0
mwsf,south,2,99657.0
mxfn,south,1,2420.0
mxgf,south,2,33006.0
mxku,midwest,4,2041293.0
mxwo,south,2,34799.9992370605
myem,south,1,7358.0
mysu,midwest,3,147316.0
mzdp,west,4,3679610.0
mzjz,west,4,1390290.5
mzlo,south,1,19364.0
mzlq,south,1,12102.0
mzmi,northeast,2,27933.0
mzmp,northeast,1,15373.8
mzoc,midwest,3,103379.0
mzqz,south,2,70500.0015258789
nagl,west,4,5972500.0
nahr,west,4,6145000.0
nanh,south,1,112.0
nasn,midwest,3,438939.0
nbrs,south,3,216750.0
ncds,south,1,1452.0
ncio,south,1,13797.0
ncla,west,4,5775000.0
ncma,west,3,550113.5
ncty,south,2,48099.9984741211
nddd,west,4,5305000.0
ndik,south,3,245000.0
ndox,south,1,436.0
necr,south,1,3389.0
negk,west,4,3832665.5
nelu,south,3,639971.0
nevf,south,2,28106.0
nevv,south,1,3407.0
nfap,northeast,2,46963.8
nfzz,south,2,45747.0
ngwg,south,2,33886.0
ngxx,west,4,6220000.0
nhcn,midwest,3,232288.0
nhjb,south,3,325178.0
nhjc,west,4,4317884.0
nhjs,west,4,5617500.0
nhsr,west,3,996254.0
nhus,south,1,1096.0
niaw,midwest,3,151515.0
nije,west,4,5977500.0
niwl,west,4,3246495.5
njdz,south,1,73.0
njiu,midwest,1,4533.0
njko,south,1,877.0
nkbe,south,2,20472.0
nkbz,midwest,3,222759.0
nkfj,south,1,19364.0
nkfr,south,1,3558.0
nkko,south,1,109.0
nkmc,west,4,4650047.0
nksk,west,4,3855000.0
nkum,south,1,2004.0
nkyv,northeast,2,56685.32110091744
nlce,south,1,7513.0
nlif,south,2,45747.0
nlzr,south,1,132.0
nmeg,south,3,184439.0
nmgi,west,4,5014775.0
nmnd,midwest,3,162447.0
nmoa,south,1,3339.0
nmrh,northeast,2,43600.0
nnhb,midwest,1,11988.0
nnjk,south,2,50467.0
nnnk,south,1,7552.0
nnok,midwest,2,37391.0
nnzl,south,1,10251.0
nocx,west,1,1800.0
noxv,midwest,1,116.7754900398406
nozb,midwest,1,434.38225763612206
nozf,west,4,5115000.0
npno,west,4,2419344.5
npqt,south,1,3734.0
nptn,midwest,3,716940.0
nqcm,west,4,3350703.5
nqln,northeast,1,933.0
nqmy,south,1,9488.0
nqpr,south,2,27835.0
nqwu,south,2,58737.0
nrgh,south,1,13699.9998092651
nrkd,west,4,7182500.0
nrnd,south,1,2469.0
nrrp,west,4,6945000.0
nryl,northeast,1,1053.0
nsdj,west,4,3428859.5
nssq,south,1,3631.0
nstg,south,1,645.0
nsuk,west,4,1240491.5
nsvv,south,2,33675.0
nsyw,west,4,5053853.0
ntpv,midwest,1,364.3495212765961
nttk,south,1,16650.0
nucr,west,4,8430000.0
numt,northeast,1,15163.2
nuxh,south,2,20259.0
nvcv,west,4,6610460.0
nvej,south,3,191846.0
nvmn,south,1,109.0
nvoy,south,1,1570.0
nvsh,midwest,3,409679.0
nvzl,west,3,631526.0
nwcz,south,1,15394.0
nxja,south,1,13942.0
nxpc,west,4,4390000.0
nxua,south,1,2360.0
nxuy,south,1,290.0
nxys,south,3,130197.0
nxyt,south,1,1044.0
nxzs,south,1,1980.0
nylo,west,4,3223700.0
nyns,south,1,13555.0
nzgw,south,1,4248.0
nzki,south,1,16151.0
nzma,northeast,1,1626.5573770491803
nzog,west,4,2536578.5
nzwd,midwest,3,609756.0
oagt,midwest,1,9943.0
oakh,south,3,204213.0
oast,south,3,540453.0
obkb,west,3,126768.5
oboj,west,4,2139285.5
obow,south,2,24760.0
obre,west,4,1019049.5
obwu,south,1,4841.0
ocfn,west,4,6187500.0
ochf,west,3,323670.0
ocja,west,4,1256774.0
ocks,south,3,316016.0
ocmk,south,3,206269.0
ocza,south,1,2905.0
oczc,south,1,6158.0
odrg,midwest,3,750806.0
oduq,midwest,3,421807.0
odwq,midwest,2,32462.0
odxr,south,1,4611.0
oert,south,1,1709.0
oewe,west,4,3226956.5
oeyt,south,2,53371.0
ofaq,midwest,3,292155.0
offq,west,4,3925000.0
offv,south,4,1121643.0
ofoe,south,3,377763.0
ofte,west,4,4773794.0
ogcu,south,1,1452.0
ogjr,south,2,61141.0
oglk,south,2,33000.0
ogmo,south,1,10018.0
ogmw,west,4,5520000.0
ogvc,south,1,1452.0
ogza,south,3,431703.0
ohfd,west,3,498009.5
ohtb,south,1,2396.0
ohzp,south,2,43689.0
oird,south,1,18433.0
ojbi,south,1,19408.0
ojde,west,4,3093440.0
ojfg,south,2,24942.0
ojlw,west,4,2969693.0
ojzl,midwest,3,180810.0
okhi,south,1,100.0
okir,midwest,3,366683.0
okjn,south,2,61480.0
oknl,south,3,188433.0
okto,south,1,5809.0
okui,west,4,3223700.0
okur,south,1,14870.0
okwg,south,2,43568.0
olbb,south,1,109.0
olda,south,1,1743.0
olfj,northeast,2,26667.0
olif,northeast,3,491682.04081632645
olzt,south,1,14399.9996185303
omjo,west,4,9132500.0
ompl,south,2,50600.0003814698
omsm,south,1,2178.0
omsw,south,3,211387.0
omyt,south,3,342738.0
onae,midwest,3,320136.0
onbo,west,1,1700.0
onbw,west,4,1690660.0
oncw,south,1,1452.0
onde,west,4,6395000.0
ondl,midwest,3,834698.0
onll,south,1,3417.0
onrq,south,2,51134.96402877698
oofk,west,4,6255000.0
oopi,south,1,3125.0
ootb,south,3,130705.0
oovq,northeast,1,865.45842217484
oowc,south,1,3173.0
opbv,midwest,3,251370.0
opeb,south,2,79120.0
ophs,midwest,1,1054.223173970784
opkw,south,1,645.0
opnu,south,1,1210.0
oqbq,south,2,21784.0
oqio,south,2,82125.0
oqkf,south,3,174515.0
oqpl,south,1,9759.0
oqqj,south,1,11792.0
oqwd,south,1,2465.0
orez,midwest,2,92455.0
orjn,south,1,3227.0
orso,south,1,3351.0
osll,south,1,5083.0
ossh,northeast,3,192267.0
otlk,south,2,30053.0
otnr,northeast,3,158133.0
otpy,west,4,6532500.0
otsu,south,2,20622.0
otug,northeast,2,53913.6
otxy,south,2,31694.0
otzh,south,1,18880.0
oubt,west,4,3266034.5
ouga,west,4,1566141.5
ouoo,west,3,318902.0
ouqt,south,1,3953.0
ours,south,1,1848.0
ouyg,south,3,133247.0
ovnc,south,1,363.0
ovpg,south,2,30040.2
ovtl,south,1,1815.0
owei,south,1,15975.0
owom,south,2,36714.0
owri,northeast,2,77290.9420289855
oxan,midwest,4,1464603.0
oxkg,west,4,6369479.0
oxmq,south,1,968.0
oxoo,midwest,1,5355.0
oxwb,midwest,3,142370.0
oxwt,midwest,2,93903.0
oxzm,south,1,250.0
oyai,west,3,530574.5
oyal,south,1,11328.0
oyek,south,1,4938.0
oyen,west,4,5892500.0
oyjt,south,3,219584.0
oyow,south,1,6293.0
oypv,west,4,1707340.0
oysx,west,4,2324906.0
oyvf,south,1,5325.0
oyyt,midwest,2,91244.0
ozne,south,2,35581.0
ozyl,south,1,6000.0
pahc,south,1,12707.0
pajo,south,3,114004.0
papg,south,1,10644.0
pawt,south,3,110662.0
payq,south,1,14305.0
pbby,south,1,1492.0
pbhm,south,3,110000.0
pbug,south,1,13071.0
pcaa,south,1,2420.0
pcev,south,3,641908.0
pcfu,south,1,11800.0
pcpj,midwest,4,3228750.0
pcvq,midwest,2,97271.0
pdba,south,1,16993.0
pddy,midwest,3,264915.0
pdfq,midwest,3,437285.0
pdgd,south,3,810527.0
pdpq,south,1,9036.0
pefn,south,3,290528.0
pegs,south,2,78050.0030517578
peib,northeast,1,5686.2
pfei,south,1,968.0
pfko,south,3,163817.0
pgco,south,1,9705.0
pgjr,south,1,1660.0
pgoi,west,4,6797500.0
pgpi,south,1,8714.0
pgwd,south,2,71853.0
phbh,northeast,1,479.7872340425532
phdu,south,2,61359.0
phkn,northeast,1,13899.6
phuj,south,1,7792.0
phxp,south,1,36.0
pijy,midwest,4,1047100.0
piyx,west,3,862737.5
pjed,south,3,106204.0
pjkx,south,3,481995.0
pjnw,midwest,3,354375.0
pjuq,south,1,8372.0
pjyj,midwest,1,7896.0
pkdh,south,4,1038045.0
pkjb,south,3,358590.0
pkwj,south,1,2442.0
plig,south,3,177904.0
plii,south,1,9682.0
plim,south,1,10087.0
pliy,west,4,8097500.0
plwo,south,3,249792.0
plzy,west,4,3642500.0
pmkn,south,1,1924.0
pmwk,south,3,445365.0
pmzb,south,1,10856.0
pnfk,south,2,66460.0
pnfs,south,1,2433.0
pnkk,west,4,1295852.0
pnnu,south,3,559127.0
pnof,midwest,3,329898.0
pnoo,midwest,1,13230.0
pnov,south,3,136733.0
pnpl,south,2,22444.0
pnqr,south,1,1983.0
pnrj,south,1,7745.0
pnrp,south,2,45747.0
pnwy,midwest,1,15769.0
pnyi,midwest,4,1335812.0
poji,south,3,446091.0
porl,south,2,45628.0
pozq,west,4,5292500.0
ppkd,west,4,2250006.5
ppmh,south,3,349800.0106811521
pptw,south,1,145.0
ppvo,west,4,2839433.0
pqfr,west,4,6002500.0
pqnn,south,1,100.0
pqsc,south,1,6100.0
pqsp,west,4,1178618.0
prft,west,4,6520000.0
prkc,west,4,2705916.5
prps,west,4,1852713.5
prqz,midwest,3,337995.0
prsu,west,4,1693145.0
pruh,south,3,121326.0
psfk,west,4,1201413.5
psfy,south,1,3500.0
psrl,south,1,2082.0
pssz,south,1,690.0
ptop,midwest,3,145215.0
ptou,south,1,1936.0
ptro,northeast,1,14439.569960474302
pufx,south,1,12448.0
puja,midwest,4,7449750.0
pukk,south,1,5281.0
puoa,midwest,4,1293650.0
puxz,south,3,176210.0
pvdc,south,1,19364.0
pvfa,south,1,100.0
pvff,south,3,994084.0
pviu,south,2,46763.0
pvmk,midwest,1,2398.0
pvsk,midwest,3,712050.0
pvvh,south,3,230622.0
pwdo,west,4,1706171.0
pwpv,south,1,1997.0
pwvw,south,1,20.0
pwxg,midwest,3,138036.0
pwyj,south,1,1936.0
pxbd,south,3,106742.0
pxix,west,4,4871500.0
pxul,west,4,1198157.0
pyev,south,1,3000.0
pygv,northeast,2,29905.2
pykd,south,2,51737.0
pyny,south,1,6535.0
pyqt,south,1,1380.0
pyqz,south,1,782.0
pyse,south,1,5456.0
pytb,west,4,6777500.0
pzii,south,1,254.0
pzsw,south,1,1936.0
pzys,south,1,19714.0
qaes,west,4,4526300.0
qaln,south,1,2905.0
qamb,midwest,2,67002.0
qaqf,south,1,6224.0
qbkp,west,4,6600690.5
qbnq,south,1,207.0
qbua,west,4,8430000.0
qcig,west,4,5477500.0
qcpa,west,4,7665000.0
qcxj,midwest,4,1060351.0
qdfw,midwest,2,20584.0
qdij,west,4,4500000.0
qdji,south,1,17427.0
qdqp,midwest,3,121586.0
qdxf,south,1,10251.0
qdxv,south,1,6136.0
qeij,south,1,323.0
qels,south,3,191589.0
qeth,west,4,4540000.0
qfkh,west,4,7587500.0
qfnl,midwest,3,632205.0
qfqz,south,1,11255.0
qfyw,south,1,16597.0
qgaw,south,1,894.0
qgea,west,2,38843.0
qgni,south,3,257779.0
qgnt,northeast,2,47385.0
qhfz,south,1,508.0
qhga,west,4,6110000.0
qhir,south,1,1936.0
qhnz,south,3,174893.0
qhta,south,1,1888.0
qiez,west,4,4187624.0
qigl,south,2,32273.0
qigt,south,2,28606.0
qiog,south,2,25959.0
qipd,south,1,3734.0
qius,south,1,2000.0
qiyd,northeast,1,12214.8
qjeh,south,1,803.0
qjsq,midwest,2,98919.0
qkmu,south,3,257779.0
qlbb,west,4,6387500.0
qlbj,south,2,38122.0
qlbq,west,4,6900000.0
qlqw,south,1,3527.0
qluh,south,1,792.0
qmcz,south,1,3195.0
qmdp,south,1,73.0
qmpu,south,3,135448.0
qmsk,west,3,791094.5
qmst,south,2,23104.0
qmvm,midwest,3,137781.0
qmzg,south,1,4841.0
qnar,south,1,1250.0
qnkx,northeast,4,1262309.7826086958
qnuo,south,1,12655.0
qnxf,south,1,16096.0
qodv,south,3,104500.0
qohn,west,4,5970000.0
qoih,midwest,3,951499.0
qokq,west,4,3920591.0
qotj,west,2,58382.0
qotk,south,2,53008.0
qouk,west,4,5815874.0
qovm,south,1,7261.0
qowu,south,3,141307.0
qpao,south,1,10.0
qpen,south,2,27987.0
qpjw,northeast,1,17479.8
qpkw,west,4,6032500.0
qppv,midwest,2,44160.0
qpqb,west,4,6222500.0
qpsl,midwest,1,13852.0
qpsz,midwest,3,217665.0
qpzw,midwest,3,201915.0
qqfy,northeast,1,7037.582417582418
qqrq,midwest,3,436867.0
qqxh,midwest,1,5231.0
qrkr,south,1,1452.0
qsej,south,1,2526.0
qsze,south,2,39611.0
qtok,south,2,66368.0
qtrv,midwest,2,78794.0
qtwm,south,1,36.0
qucn,south,1,15600.0003814697
quia,south,1,376.0
quim,south,2,74610.0
qumt,west,4,3536324.0
quqf,northeast,2,72972.9
qurr,south,1,4066.0
quwj,west,3,351467.0
qvdn,midwest,3,878220.0
qvie,midwest,3,915452.0
qvnk,midwest,3,265545.0
qvxq,south,2,56155.0
qvyy,south,2,61881.0
qwkb,west,4,6327500.0
qwky,midwest,3,255210.0
qwpp,west,4,1299108.5
qxcq,south,1,7019.0
qxdv,south,2,39938.0
qxgy,west,4,1510781.0
qygd,midwest,3,150903.0
qyxf,west,4,1953665.0
qzaf,midwest,2,70843.0
qzay,south,1,562.0
qzet,northeast,4,1499266.095890411
qzij,south,1,472.0
qzmk,midwest,3,181440.0
qzsr,south,3,375901.0
qzwf,midwest,2,47626.0
qzzd,south,2,50975.0
raei,south,2,24896.0
rbfy,midwest,1,18200.0
rbgs,midwest,3,351407.0
rblj,south,3,171600.0003814697
rbto,south,1,6535.0
rbxo,south,2,35610.0
rcgx,west,4,2709173.0
rchi,midwest,3,743085.0
rdbw,west,4,8720000.0
rdds,west,4,4630508.0
rehy,south,2,49959.5
rell,south,1,2021.0
rena,south,1,9077.0
rfis,northeast,3,109200.0
rfqh,south,2,29046.0
rggk,west,4,3500502.5
rgkp,south,1,218.0
rgpy,south,3,238000.0
rhbg,west,3,221207.0
rhoc,south,3,138511.0
rhqk,midwest,3,371920.0
rhsc,south,2,49741.0
rhsn,west,4,2100207.5
rhuv,south,1,2500.0
rhvz,midwest,1,811.356620752984
riid,south,2,45850.0
rinc,south,3,148859.0
ritl,south,2,62932.0
rive,south,2,23236.0
rjah,northeast,1,802.967359050445
rjbv,south,2,29112.0
rjds,south,1,8391.0
rjgh,south,1,11727.0
rjom,west,4,1321904.0
rjpc,south,3,140799.9992370605
rjya,south,2,86411.0
rkjs,west,4,5441376.5
rklj,west,4,3650301.5
rkpl,south,1,3527.0
rlmo,west,4,5865000.0
rlmv,south,2,24285.0
rlmx,south,1,2420.0
rmau,south,1,1245.0
rmmf,south,1,788.0
rmqi,south,1,3268.0
rmwq,midwest,3,398160.0
rnji,northeast,2,89083.8
rnpo,south,1,10166.0
rnrz,west,4,3119492.0
rnyo,south,1,19315.0
rocg,south,1,11618.0
roos,south,1,145.0
rorv,south,1,10166.0
roxn,south,1,3558.0
rpag,south,1,1405.0
rpdu,midwest,3,437814.0
rpli,south,1,1017.0
rppk,midwest,1,421.10555407209614
rpzh,west,4,4555608.5
rqms,west,4,2445396.5
rqpz,west,4,6000000.0
rqvs,south,1,7373.0
rqwr,south,1,12490.0
rqxr,south,3,209419.0
rqyg,south,3,142323.0
rrfp,south,1,1169.0
rrfx,south,1,4383.0
rrns,west,4,4412322.5
rseb,south,1,436.0
rsla,south,1,9682.0
rsok,northeast,2,56217.67441860465
rsrt,south,3,462000.0
rssb,west,4,3178109.0
rsvv,south,1,323.0
rtgl,south,1,11520.0
rtgo,midwest,3,292320.0
rthy,west,4,3715431.5
rtqg,south,1,12127.0
rtrn,south,1,18484.0
rtuo,midwest,1,2396.0
ruel,south,1,581.0
ruhq,midwest,1,3073.0
rujc,south,1,2977.0
ruzq,midwest,1,19815.0
rvkf,south,1,2498.0
rvkr,south,2,31949.0
rvoh,south,1,4000.0
rvun,midwest,1,3205.194867503485
rvvb,south,3,299750.0
rwgv,south,1,645.0
rwlb,west,4,2041590.5
rwmn,south,1,100.0
rwst,west,4,1676862.5
rwum,west,4,1533576.5
rwxd,northeast,1,11236.908783783783
rxgz,west,4,6395531.0
rxif,midwest,3,733488.0
rxng,south,3,184076.0
rxuj,south,1,2251.0
ryio,south,1,145.0
ryjq,west,4,3370242.5
rymc,south,1,6082.0
ryoz,midwest,3,189537.0
ryps,west,4,3705662.0
ryrl,south,1,968.0
ryxf,south,3,431598.0
ryzn,south,2,45311.0
rzaz,northeast,1,631.8
rzvr,midwest,1,270.26437125748464
sace,south,2,30498.0
safj,south,1,5228.0
sagu,west,3,976715.0
sahf,south,1,1743.0
samo,west,4,5552097.5
sand,west,4,8127500.0
sapy,south,2,90249.0
sasj,midwest,2,89257.0
sbdf,south,2,20574.0
sbld,midwest,3,656807.0
sbqm,west,4,4692381.5
sbvf,west,4,5305000.0
sbvr,south,1,16943.0
scex,south,1,2905.0
sckj,south,1,1341.0
sclm,south,1,3339.0
scpi,west,4,6004751.0
sdfp,northeast,1,19000.0
sdlu,south,1,100.0
sdmb,south,2,94543.0
sean,south,3,231275.0
sedr,northeast,2,25800.0
sefj,south,1,7261.0
sehj,south,1,8284.0
seto,midwest,2,99285.0
sexk,midwest,1,13078.0
sfeh,south,1,4452.0
sgci,west,4,7525000.0
sgek,west,4,5977500.0
sghz,south,1,2033.0
sgjy,south,2,30570.0
sgvf,northeast,3,336000.0
shdh,south,1,11730.0
shhd,west,3,950663.0
shkg,west,4,3982500.0
shpc,northeast,2,32514.95238095237
shue,midwest,4,2655450.0
shvh,northeast,2,37908.0
shxx,midwest,2,44100.0
sirp,west,4,3467937.5
siyl,west,3,289593.5
sjfx,midwest,2,67263.0
sjug,south,1,4357.0
sjxs,south,1,2203.0
skhb,south,4,1171504.0
skqk,south,1,726.0
skvt,south,3,142323.0
skyc,south,3,198236.0
skzn,south,1,2259.0
slad,south,1,7370.0
slhm,midwest,2,23396.0
slht,south,1,18214.0
slkh,south,2,48409.0
slmu,west,4,6887500.0
slrf,south,2,25124.0
sluq,west,4,6567500.0
slzc,midwest,2,81270.0
smgz,west,4,1416342.5
smir,west,4,6100000.0
smjg,midwest,2,48195.0
smji,south,1,670.0
smmb,northeast,3,135837.0
smtu,south,1,15685.0
smyo,west,4,2806868.0
smys,south,1,10644.0
snbr,west,4,6267500.0
snxx,south,1,1174.0
sofa,south,1,2033.0
sohe,south,2,47584.0
soik,south,1,2541.0
sokc,south,1,3227.0
soos,south,2,92220.0
sorx,west,4,5845000.0
sotw,south,2,94035.0
spgp,west,4,3454911.5
spkv,west,4,1924356.5
spmf,northeast,1,9477.0
sptl,west,4,2438883.5
sqba,south,1,407.0
sqic,northeast,2,85333.0
sqlp,midwest,2,86419.0
sqng,northeast,2,24850.800000000003
sqtw,south,3,108776.0
sqxj,south,2,30982.0
sqxq,south,1,501.0
srfr,south,1,4979.0
srhk,northeast,2,31362.9
srlh,south,1,13252.0
srsg,south,1,4692.0
srzd,south,1,17053.0
ssib,west,4,6785000.0
sskp,south,1,528.0
sstq,south,3,502488.0
stbr,south,2,34003.0
stqn,south,2,24061.0
stxd,south,3,574768.0
suhj,south,2,48119.0
suhm,midwest,3,113612.0
sukl,south,2,61480.0
sury,south,1,29.1343669250646
suvk,south,1,2187.99996376038
suwa,south,1,167.0
svbt,midwest,3,265315.0
svdn,south,2,37000.0
svdu,midwest,1,5449.0
svfv,south,2,46473.0
svoa,south,1,6172.0
svtu,south,1,10996.0
svxy,south,1,6903.0
swba,south,2,36107.0
swhf,south,1,871.0
swnd,south,2,58091.0
swxm,south,1,322.0
sxad,south,3,231880.0
sxhf,south,1,8014.0
sxlr,south,1,4829.0
sxnf,midwest,3,848544.0
sybx,south,3,237749.99999999977
syft,west,4,6837500.0
syow,south,2,34449.2
syoy,south,4,3067077.0
syte,northeast,2,86667.0
syth,midwest,3,216189.0
syyq,south,3,207050.003051758
szaf,northeast,1,0.0
szef,south,3,144400.0015258789
szlq,south,1,7261.0
szqi,south,1,4357.0
szsx,west,3,758529.5
szuw,northeast,1,4422.6
szva,west,4,2223954.5
tabi,midwest,2,23213.0
taoy,west,4,5089674.5
taqb,south,1,4062.99996376038
tash,south,2,78888.0
tatg,midwest,2,24157.0
tbem,south,1,1925.0
tbfn,midwest,2,37800.0
tbgq,midwest,3,229299.0
tbis,south,2,92038.0
tbmg,west,4,5655000.0
tbpu,west,4,3396294.5
tbub,west,4,1784327.0
tcdx,midwest,2,21796.0
tceh,south,3,386306.0
tchx,south,1,1037.0
tcjv,south,1,6421.0
tckw,south,1,277.0
tcnf,south,1,12707.0
tcuj,west,4,5622500.0
tcvw,south,3,125457.0
tddm,south,2,32500.0
tdgi,west,4,1738736.0
tdor,northeast,2,40250.96153846153
tdwr,south,2,88000.0
tdxk,south,2,88900.0
tees,south,3,125400.001525879
tekw,south,1,6003.0
tfhc,south,1,12344.0
tfhp,south,1,10644.0
tfpp,south,1,6743.0
tfze,midwest,2,61537.0
tfzr,south,3,104564.0
tgbf,west,4,2002512.5
tgdt,south,1,182.0
tgmt,northeast,1,0.0
tgwe,south,2,55724.0
thca,south,1,1503.3333333333333
thwp,midwest,3,188976.0
tiim,south,1,6753.0
tjxr,south,1,1380.0
tkes,south,1,4321.0
tlbe,south,1,145.0
tlea,west,4,6052500.0
tlqd,south,1,14634.0
tmav,south,1,6846.0
tmcq,south,1,8472.0
tmcz,south,2,73570.0
tmjc,south,2,58854.0
tmsd,west,4,8487500.0
tnfn,south,1,726.0
tnkv,south,3,123443.0
tnrx,west,4,6151293.5
tnxg,south,3,156846.0
tnxr,south,1,10456.0
todv,south,3,145228.0
tohb,south,1,1878.0
toim,south,1,10166.0
tpcm,south,2,35756.0
tpcq,south,1,9682.0
tper,south,2,59301.0
tpgt,south,3,123200.00457763668
tpji,northeast,1,10611.37158730158
tplp,south,1,14132.0
tppm,northeast,2,46467.0
tpuc,south,1,1291.0
tqaw,northeast,1,4154.620181405896
trhm,midwest,3,434352.0
trok,south,3,158281.0
trur,northeast,3,162867.0
trut,south,1,625.0
tsfb,south,1,63.0
tskq,northeast,1,10748.833333333332
tsxl,south,1,2033.0
tsyo,west,4,4695638.0
tszk,west,4,1204670.0
ttgl,south,1,18153.0
ttrh,west,4,7447500.0
tuhn,south,1,939.0
tumj,west,4,7300000.0
tuqr,south,1,7261.0
tvhx,south,1,1065.0
tvku,west,4,1351212.5
tvrz,south,1,934.0
twdt,west,4,5532500.0
twhh,midwest,1,552.0
twnm,west,3,820403.0
twvn,west,4,3980000.0
twvo,south,1,100.0
txhg,south,1,1461.0
txnu,south,1,250.0
txop,south,1,2955.0
txwf,south,1,3536.0
tyaa,south,2,87137.0
tygq,west,4,3588428.0
tyhw,south,1,100.0
tyka,south,1,477.0
typp,west,3,247259.0
tyqx,south,3,246526.0
tyqy,west,4,2180000.0
tyrh,south,4,3313623.0
tyup,midwest,3,247900.0
tyyp,south,2,98217.0
tzal,south,1,10000.0
tzeu,northeast,2,52650.0
tzil,west,4,7790000.0
tzli,northeast,2,56750.833333333336
tzzf,midwest,4,4953375.0
uacv,south,4,1036927.0
uaqd,south,1,9440.0
uaso,midwest,1,12463.0
ubbb,northeast,3,255933.0
ubde,south,1,2504.0
ubpu,south,2,49377.0
ubrm,south,2,34680.0
ubzv,south,2,66700.0
ucav,west,4,3096696.5
ucbt,south,3,767964.0
ucef,south,1,5809.0
ucrb,south,3,118800.0011444092
udcv,south,4,1084852.0
udix,south,1,1743.0
udkq,south,1,1320.0
ueay,west,4,4517500.0
uedj,south,3,223651.0
ugaw,south,1,3389.0
ugdj,south,3,282403.0
ugji,south,3,627312.0
ugkf,west,4,5502500.0
ugoe,south,1,7515.0
ugzb,midwest,1,10898.0
uhck,south,1,2234.0
uhgv,west,4,4627251.5
uhnv,midwest,3,172305.0
uhpo,south,2,76287.0
uhtg,south,1,2000.0
uhtu,south,2,26141.0
uhzo,south,1,1053.0
uich,south,1,3750.0
uics,midwest,1,2872.0
uioa,midwest,3,674343.0
uiyh,south,1,8937.0
ujas,south,1,1271.0
ujdj,south,1,145.0
ujky,midwest,4,1148618.0
ujmd,west,4,6727500.0
ujnq,south,1,9204.0
ujpy,south,1,13071.0
ujtp,south,1,4302.0
ukfm,midwest,2,21348.0
ukgd,south,3,291684.0
uklg,midwest,3,504722.0
uklv,northeast,3,501000.0
uksz,south,1,16044.0
ukyk,south,2,36158.0
uleb,south,1,9694.0
ullh,midwest,3,343564.0
ulnh,south,3,399085.0
ulub,south,2,20332.0
umqx,midwest,1,13296.0
unju,south,1,6694.531250000001
unrm,south,2,53169.9981689453
unsc,south,1,2147.0
untn,south,2,38287.0
unwd,south,2,72599.9984741211
uoiq,south,1,4149.0
uoyn,south,1,8363.0
uphq,northeast,2,54000.0
upkt,west,1,275.0
upnk,south,2,20332.0
upuy,south,1,268.0
uqdi,west,4,7107500.0
uqhe,south,3,150266.0
uqhl,south,2,61503.0
uqjy,northeast,2,51807.6
uqms,south,2,91494.0
uqsw,south,1,5000.0
uqug,south,2,32434.0
uqvn,west,4,6295000.0
urkx,south,1,3389.0
urpb,south,1,3112.0
urpq,south,1,9345.0
urty,south,1,5586.0
uryk,south,1,13555.0
usbc,south,1,2504.0
usgz,south,3,241052.0
ushu,northeast,2,87600.0
usui,south,2,33971.0
uswe,south,1,7922.0
usww,south,1,14060.0004196167
uths,south,3,101950.0
utoz,west,4,1813635.5
utvq,west,4,1826661.5
uubk,west,3,905072.0
uufd,west,4,5125496.0
uupu,midwest,2,30188.0
uvmo,midwest,2,56762.0
uvsi,south,3,137240.0
uvsu,south,1,14315.0
uvuk,south,1,2500.0
uvxx,south,1,4163.0
uwfw,midwest,3,126315.0
uwns,south,2,21058.0
uwoa,south,1,12635.0
uwwk,south,3,723088.0
uxfy,south,1,835.0
uxik,west,4,2523552.5
uxte,northeast,3,227448.0
uxuq,south,1,19364.0
uyau,midwest,2,58590.0
uydt,south,2,47198.0
uyfq,south,1,4149.0
uyis,west,4,2950154.0
uykm,south,2,60887.0
uynq,south,1,1936.0
uyor,west,4,4731750.0
uzcc,south,1,1367.0
uzid,south,1,323.0
uzkr,south,1,7612.0
uzqm,west,4,5785000.0
uzys,south,1,1367.0
vaai,south,1,313.0
vaje,south,1,9682.0
vajj,south,1,508.0
vapd,south,3,222060.0
vbeh,northeast,1,1127.5
vbfo,midwest,1,6930.0
vbmc,south,2,94410.0036621094
vbmz,south,1,10.0
vboa,south,3,120276.0
vbrh,midwest,1,8719.0
vbsz,northeast,2,68800.0
vbuh,south,2,46176.0
vcee,west,4,5475000.0
vckz,south,2,26141.0
vcne,south,1,1315.0
vcqk,south,3,216874.0
vcrr,south,1,2541.0
vcrs,south,2,23104.0
vdbb,west,4,5647500.0
vdna,south,1,782.0
vdra,west,4,5570000.0
vdyn,south,1,9831.0
veco,south,1,2991.0
vedz,west,4,2271946.665
vefu,south,1,1743.0
veiy,south,3,148495.0
vesp,south,1,19190.00005722046
vfaj,south,2,27956.0
vfct,south,1,569.0
vfhj,midwest,1,356.93682275711177
vfkh,south,1,1452.0
vfrb,west,4,5032500.0
vfsy,south,1,1670.0
vfty,south,1,3200.0
vfvo,south,3,594708.0
vgcu,west,4,1077666.5
vggk,northeast,1,13870.039682539682
vgzf,south,1,1210.0
vhho,south,1,9797.0
vhjw,south,2,29046.0
vhvh,south,3,123102.0
vice,west,4,5960000.0
vinm,midwest,3,481445.0
vioh,south,1,12209.0
viqn,west,4,6575000.0
visz,west,4,7337500.0
vixx,west,4,4252500.0
vjct,south,1,1565.0
vjdb,west,4,6255000.0
vjhw,south,2,31250.0
vjjg,south,1,11013.0
vjog,northeast,2,60749.360902255634
vjrq,south,3,268195.0
vkfn,west,4,6735000.0
vkwk,south,1,6573.0
vlcc,west,4,4405809.5
vlci,midwest,3,211743.0
vlfa,northeast,2,28179.022556390977
vlmk,south,1,18153.0
vlpj,midwest,2,32347.2
vlyn,south,1,10701.0
vmcy,northeast,1,17479.8
vmdz,south,2,43568.0
vmhm,south,1,18112.0
vmkd,south,1,18129.0
vmpv,west,3,882276.5
vmpx,south,1,3873.0
vmzp,west,4,6226193.0
vnce,west,4,6633255.5
vnci,midwest,3,670670.0
vnit,midwest,3,176400.0
voar,south,1,6644.0
voaw,south,4,1584435.0
vodk,south,1,2190.00005722046
voqm,northeast,2,22065.52734375
vpcf,west,4,1794096.5
vpcn,south,2,49620.0
vptt,south,1,3256.0
vpvx,west,4,2100207.5
vqaw,west,4,2044847.0
vqcl,south,2,48585.0
vqkj,west,4,1527706.665
vrfs,south,2,39212.0
vrgy,west,4,5948500.0
vrpw,south,2,79294.0
vske,south,3,313209.0
vspv,south,1,12909.0
vsvx,northeast,1,7371.0
vtng,midwest,2,78452.0
vttv,south,3,182000.0
vtvl,northeast,1,10319.4
vuam,midwest,3,547739.0
vuow,south,1,6390.0
vuxl,south,2,43205.0
vuyj,west,4,3510272.0
vvby,south,1,13942.0
vvfi,south,3,672587.0
vvjr,south,1,13398.0
vvkz,south,2,31932.0
vvmc,south,3,625932.0
vvty,south,1,508.0
vvvh,west,4,2536578.5
vvxm,west,4,4295088.5
vwfh,northeast,3,385747.7215189873
vwpv,west,3,735734.0
vwta,west,4,3861974.0
vwwm,midwest,1,505.7047619047616
vxoj,west,4,1527063.5
vxop,south,2,43568.0
vxqd,south,1,625.0
vyde,south,2,21784.0
vyfp,south,3,236237.0
vytn,south,1,4875.0
vzkp,midwest,3,817425.0
vzma,south,1,762.0
vzpj,midwest,2,98610.0
vzwa,south,1,2541.0
waav,midwest,3,251781.0
wart,northeast,1,2948.4
wbca,west,4,5645000.0
wbew,south,3,776806.0
wbex,south,3,187989.0
wbgm,midwest,1,626.1874103585661
wbll,northeast,3,151632.0
wbmi,midwest,3,173719.0
wbmu,south,2,28319.0
wboq,west,4,1543346.0
wbtf,west,4,7960000.0
wckc,south,1,9517.0
wcoi,south,3,192930.0
wcqb,west,4,6425000.0
wcsl,northeast,1,14952.6
wcup,south,3,200622.0
wdab,west,4,1041845.0
wdbt,south,1,256.0
wdda,northeast,1,1895.4
wdgg,west,4,4926849.5
wdix,south,1,625.0
wead,midwest,1,8505.0
wekr,west,4,2761277.0
weov,south,1,39.9999991059303
wfcq,west,4,7225000.0
wflg,south,3,162659.0
wfxf,south,2,38727.0
wgau,northeast,2,57210.76923076923
wgeu,south,1,2905.0
wghb,northeast,1,4103.134556574923
wgua,south,1,19.9999995529652
wgyr,west,4,3047849.0
wgzr,west,4,6552500.0
whiq,west,4,2705916.5
whkk,west,4,5777500.0
whvv,south,1,16730.0
wiag,south,1,875.0
wiek,midwest,3,441945.0
wiok,south,1,2759.0
wiop,midwest,3,521916.0
wjai,south,3,111825.0
wjbw,south,1,751.0
wjfb,south,1,726.0
wjiu,midwest,1,7741.0
wjiw,midwest,3,346607.0
wjja,south,1,1000.0
wjtq,west,4,6590000.0
wkac,west,4,3995490.5
wkit,south,3,106742.0
wkup,west,4,7615000.0
wlak,west,2,29073.5
wles,south,4,1760161.0
wlpe,west,4,2009025.5
wlqi,south,1,13086.0
wlqp,south,1,6608.0
wlwr,south,1,6862.0
wmay,south,2,27500.0
wmmh,south,2,35062.0
wmqb,south,1,2828.0
wmrs,south,1,7905.0
wmss,south,3,564210.0
wnet,west,4,4920000.0
wnir,midwest,2,23625.0
wnli,south,1,3703.0
wnlq,south,1,6455.0
wntz,west,4,1709427.5
wnww,south,1,218.0
wnyz,south,3,285082.0
wodo,west,4,1937382.5
wojg,south,1,3001.0
wozb,south,2,84149.0
wpad,south,1,1936.0
wqll,south,3,104400.001525879
wqxd,south,3,135270.0
wqyi,south,3,428058.0
wrbz,midwest,2,91035.0
wrcb,northeast,2,72657.0
wrir,west,3,618500.0
wrje,south,1,2578.0
wrrs,south,1,14000.0
wrvi,midwest,2,58511.0
wsbt,west,4,3356680.005
wsho,west,4,8272500.0
wsmt,midwest,1,2653.0
wswc,west,4,3083670.5
wsxp,south,1,5683.0
wtau,south,1,2905.0
wtfg,south,3,239303.0
wtii,west,4,1471703.0
wtoz,south,1,9642.0
wtqh,south,3,333443.0
wtsg,south,1,8133.0
wuhw,south,2,88000.0
wulv,west,4,4614225.5
wunh,south,1,1307.0
wusa,midwest,2,27344.0
wuvz,west,4,2895000.0
wvak,south,1,12383.0
wvfe,south,1,2905.0
wvue,south,2,64239.0
wvvj,west,4,1859226.5
wvvu,midwest,3,162650.0
wvys,south,2,35270.0
wvzh,south,1,1316.000014543534
wwbn,west,4,2217441.5
wwnx,south,1,1688.000023365021
wwto,south,2,48070.0
wxin,south,3,181536.0
wxmm,northeast,2,23376.6
wxpv,west,4,5907056.0
wxze,south,1,282.0
wymn,midwest,3,504945.0
wyoy,south,1,16096.0
wytu,northeast,3,100000.0
wyyt,south,1,2321.323529411765
wzar,south,2,35688.0
wzfq,south,1,9682.0
wzfx,south,1,11183.0
wzje,west,4,5662500.0
wzlc,south,1,14684.0
wzmf,south,1,11100.0
wzov,south,4,2480798.5758
wzqs,south,1,16266.0
wzvk,west,4,1562885.0
wzxi,west,4,1621502.0
xauw,west,4,5216678.0
xbel,south,1,3522.0
xbfx,northeast,2,85082.4
xbgy,south,2,37503.0
xbjn,west,4,1100462.0
xccd,northeast,3,334854.0
xchy,midwest,1,13886.0
xcmt,west,4,3927104.0
xctj,south,2,45471.0
xcwo,south,3,100178.0
xdfp,south,1,7826.0
xdfz,south,2,21348.0
xdif,west,4,6547500.0
xdjr,northeast,2,74289.72222222222
xecx,south,3,715973.0
xema,south,1,3882.0
xery,midwest,3,272475.0
xeyg,south,1,4380.00011444092
xezb,west,4,6322500.0
xfdn,south,1,1162.0
xfko,south,3,339591.0
xfzv,south,1,2905.0
xgdr,south,3,264000.0
xgek,northeast,2,49717.38095238096
xgqe,south,2,53880.0
xgxg,south,1,4007.0
xgym,south,1,18153.0
xgzj,south,2,21124.0
xhaw,west,4,5460915.5
xhln,west,4,2810124.5
xhmg,south,1,656.0
xhpg,south,2,45505.0
xhrg,south,3,717425.0
xhtv,northeast,3,154600.0
xiik,south,2,50400.0015258789
xiot,south,1,11909.0
xitz,south,1,3873.0
xiul,midwest,3,182763.0
xjmg,south,1,12417.0
xjmp,south,2,22170.0
xkct,west,4,1654067.0
xkcy,northeast,2,80849.26666666666
xkdb,south,1,6390.0
xkff,northeast,2,39301.42857142857
xkiw,south,1,2723.0
xknc,south,3,344674.0
xlgu,midwest,3,368360.0
xlqs,south,2,31950.0
xlyf,south,1,2033.0
xlzi,south,1,16520.0
xmbh,south,1,2021.0
xmcp,south,3,150475.0
xmii,south,2,47441.0
xmpg,west,2,63750.0
xnan,midwest,1,2632.0
xned,south,1,3050.0
xnhd,south,1,2033.0
xnlg,south,1,2817.0
xnmu,south,1,9682.0
xnqd,south,3,638277.0
xnsd,south,2,94398.0
xnxx,south,2,82780.0
xofh,west,4,4721690.0
xolt,midwest,1,581.0
xosd,south,1,462.0
xosn,west,3,647808.5
xozz,midwest,2,41674.0
xplw,west,4,3760000.0
xpnp,midwest,2,97969.0
xppm,south,1,11295.0
xqbv,south,1,1017.0
xqgi,south,1,1815.0
xqjp,south,3,291611.0
xqne,west,4,1979717.0
xqov,west,4,7540000.0
xquw,south,1,1500.0
xqyl,midwest,2,76140.0
xrek,south,1,17880.000114440918
xrkj,south,1,2178.0
xrng,south,1,363.0
xrrm,northeast,1,9898.2
xrro,south,2,60788.0
xruu,south,1,1210.0
xryq,south,1,145.0
xsba,south,1,2541.0
xsbu,west,3,448010.0
xsfi,west,4,5535000.0
xsho,midwest,3,221445.0
xshv,west,4,6662500.0
xsii,south,1,1162.0
xsln,south,1,7261.0
xsqd,south,3,204626.0
xstl,south,1,11618.0
xswc,south,1,6971.0
xtaw,south,3,232203.0
xtgy,south,3,190612.0
xtpt,west,4,3637275.5
xtuv,south,1,1564.0
xugn,midwest,1,6540.0
xung,west,4,2022051.5
xupr,south,2,72614.0
xurw,south,1,14025.0
xuzh,south,2,43859.0
xuzl,west,4,8007500.0
xvmd,west,4,3344190.5
xvny,midwest,2,87255.0
xvwc,south,2,47925.0
xwgk,west,4,1696401.5
xwhf,south,1,15249.0
xwhh,south,1,4357.0
xwjz,south,2,29990.0
xwkm,south,2,43568.0
xwlv,south,1,9682.0
xwtk,south,1,207.0
xwur,midwest,1,18270.0
xwvf,midwest,2,48547.0
xxdi,midwest,3,382095.0
xxew,south,2,91494.0
xxgg,south,2,82587.0
xxlt,south,3,698546.0
xybl,south,3,174006.0
xyde,west,4,5480000.0
xygn,west,4,8165000.0
xyjr,midwest,2,91350.0
xyjz,south,1,2526.0
xywd,south,1,415.0
xzll,south,3,118603.0
xzzm,midwest,3,206169.0
yaho,west,4,9960000.0
yaiy,south,1,1162.0
yapg,south,2,50207.0
yaql,west,4,3458168.0
yaqp,south,2,23299.9992370605
yaup,south,1,5809.0
yavq,south,2,45384.0
ybbc,south,2,72856.0
ybcd,south,1,19253.0
ybdh,west,4,5610000.0
ybju,northeast,1,2590.851063829788
ybwe,west,4,4106211.5
ybyf,west,3,846455.0
ycbg,midwest,3,329736.0
ycgz,south,1,18396.0
ycok,south,1,508.0
ycqf,south,1,1291.0
ycwl,south,1,100.0
yczj,west,3,598961.0
ydhc,south,1,581.0
ydlp,south,1,7697.0
ydqa,west,4,2116490.0
yeax,midwest,3,326025.0
yebj,south,2,52766.0
yecm,west,4,7290000.0
yemq,south,3,264762.0
yerq,south,2,30353.0
yevy,midwest,3,110107.0
yezn,west,4,2406318.5
yfjk,south,3,268879.0
yfnm,west,4,1751762.0
yfpm,south,1,73.0
yfxi,northeast,3,383267.0
ygcr,west,4,5925000.0
ygln,south,1,581.0
ygug,south,3,295538.0
ygwz,south,1,5693.0
ygxp,south,1,944.0
ygxv,south,1,2599.0
yhbj,south,2,81328.0
yhdm,northeast,2,76548.53629976582
yhec,south,3,121991.0
yhes,west,4,6257500.0
yhfk,midwest,4,1678546.0
yhrv,south,1,1936.0
yhtg,west,4,4810000.0
yicz,south,1,3389.0
yieu,south,1,13156.0
yinz,south,1,18758.0
yisp,midwest,3,134594.0
yixf,south,1,7820.0
yjbd,west,3,569652.5
yjhf,west,4,1549859.0
yjhk,west,4,5552500.0
yjki,south,2,20768.0
yjmr,west,4,3721944.5
yjnz,south,1,3128.0
yjrj,south,1,13674.0
ykdf,south,1,242.0
ykfz,midwest,4,1145133.0
ykkj,midwest,3,325130.0
ykvr,south,1,4174.0
ykww,south,1,1452.0
ylcj,midwest,3,253772.0
ylip,south,2,71162.0
ylkb,south,2,25030.0
ylpm,west,4,1256774.0
ylyn,south,1,1452.0
ymbv,northeast,1,14400.0
ymgb,south,1,3319.0
ymhj,south,1,775.0
ymii,west,4,6530000.0
ymir,west,4,5602500.0
ymqa,midwest,3,248850.0
ymvn,south,2,61722.0
ynde,south,3,151452.0
ynfk,west,3,690143.0
yniv,south,1,1234.0
ynqn,midwest,3,295785.0
ynsj,south,1,13978.0
ynvn,midwest,2,35015.0
yoev,west,4,3809870.0
yosm,south,2,53658.0
youi,south,1,3075.0
yozr,south,1,11618.0
ypcc,south,1,830.0
ypeb,west,4,7155000.0
ypmb,south,2,29644.0
ypom,midwest,2,99444.0
yprz,west,4,4015029.5
yqiv,south,1,13799.99995231628
yqll,west,4,6007500.0
yqxd,west,4,5052500.0
yrdk,midwest,3,672380.0
yrfw,south,1,9250.0
yror,south,1,254.0
yrqt,south,1,10892.0
yrrg,west,4,7855000.0
ysbs,south,4,1030850.006103516
ysfi,south,1,3304.0
ytaf,south,1,219.0
ythk,south,2,94599.9984741211
ytsc,west,4,6030000.0
yukj,midwest,2,47377.0
yvak,south,3,129625.0
yvlp,west,4,1338186.5
yvpr,west,4,5445000.0
yvrq,midwest,2,35679.0
yvsn,west,4,5997500.0
yvwo,south,1,17114.0
yweo,midwest,2,22485.0
ywhm,midwest,1,1364.203557312256
ywmf,northeast,1,1474.2
ywnk,midwest,3,354128.0
ywqr,south,1,1025.0
ywre,south,1,1452.0
yxga,west,4,6362500.0
yyln,south,3,853213.0
yylw,south,2,35793.0
yypm,south,1,1815.0
yypq,midwest,4,1225317.0
yyuy,south,4,1873992.0
yyzq,south,2,44000.0
yzlc,south,3,285808.0
yznd,south,1,17867.0
zaem,south,2,52524.0
zafy,west,4,7107500.0
zamq,south,1,3812.0
zans,south,1,5809.0
zavh,midwest,2,67095.0
zazi,west,4,3412577.0
zbbf,south,2,88952.0
zbdd,midwest,2,45045.0
zber,northeast,2,94770.0
zbke,south,2,81400.00009536743
zcae,west,4,3142287.5
zccc,south,2,39139.0
zcce,south,1,4357.0
zcfl,midwest,3,593767.0
zcnc,northeast,3,616666.5
zdfg,south,2,76680.0
zdgi,midwest,3,235616.0
zdui,south,1,19378.0
zdzy,south,1,4841.0
zedh,west,3,139190.0
zegu,south,2,31627.0
zejy,south,1,645.0
zely,west,3,836685.5
zezm,west,4,4353705.5
zfga,west,4,2162081.0
zfgz,south,1,871.0
zfph,south,1,5325.0
zfpm,south,2,55187.0
zfty,south,2,20596.0
zfvc,west,4,5502500.0
zgbe,south,2,22591.0
zgdb,south,2,20332.0
zgdc,northeast,1,14952.6
zgvt,south,1,19824.0
zgwi,west,4,6235000.0
zgyc,west,4,6012500.0
zgyr,south,2,36627.0
zhav,west,4,1172105.0
zhbg,west,4,6272500.0
zhfg,south,1,19969.0
zhmp,south,1,4905.0
zhpq,midwest,3,192763.0
zhqj,midwest,2,22125.0
zhtg,northeast,2,22955.4
zhwv,midwest,3,253262.0
zieu,west,4,5998238.0
zjce,west,4,5447500.0
zjfj,south,1,501.0
zjpj,midwest,3,242444.0
zjpw,south,2,20586.0
zjur,south,2,32206.0
zjxx,south,3,864106.0
zjxy,northeast,2,36433.8
zjyu,west,4,2074155.5
zkah,south,2,39066.0
zkie,midwest,2,60795.0
zkjw,midwest,2,95760.0
zkqz,south,3,114400.001525879
zkya,midwest,2,49484.0
zlfh,west,4,2699403.5
zlwc,south,1,5047.0
zmhh,west,4,6810000.0
zmwo,south,1,5591.0
znkp,west,4,6740000.0
znqk,south,2,24000.0
znst,west,4,6070000.0
zoaj,south,2,48233.0
zofx,south,2,23920.0
zoii,south,1,4673.0
zolf,midwest,2,20314.0
zpmm,midwest,4,1344709.0
zpqb,south,1,12773.0
zqbi,south,3,117925.0
zqpq,west,4,1015793.0
zqtb,midwest,4,2038228.0
zrfo,south,3,291666.0
zrkl,midwest,3,126280.0
zrlg,northeast,1,12214.8
zryo,south,1,19170.0
zsmo,northeast,1,8634.6
zspg,south,1,2905.0
ztde,west,4,1465190.0
ztfi,west,3,787838.0
ztga,south,1,726.0
ztgu,south,3,124315.2
ztjl,south,1,17911.0
ztqf,midwest,3,115079.0
ztwm,south,2,85099.99752044673
ztzv,south,2,47242.0
zudr,south,1,6777.0
zunj,south,1,161.0
zuwh,northeast,2,32011.2
zvob,south,1,250.0
zvvu,south,1,6469.0
zvyi,midwest,3,617194.0
zwjr,south,1,3005.0
zwkt,west,3,716195.0
zwqi,west,4,5275000.0
zwwh,midwest,2,39188.0
zwws,south,1,2582.0
zwyj,west,4,5472500.0
zxdv,south,2,32986.0
zxqz,midwest,3,550698.0
zxuo,south,1,1743.0
zxyk,midwest,2,81585.0
zxyn,south,1,3159.0
zxyx,south,2,33799.999237060496
zybl,west,4,6587500.0
zyzv,midwest,2,56888.0
zzeq,south,1,5809.0
zzes,south,1,1452.0
zzpz,south,3,118603.0
zzry,midwest,2,63056.0
zzsv,south,3,113125.0
